"L1","L2","L3"
"Academia","",""
"Aristotelian Intelligence","",""
"Artformist","",""
"Arthurian","",""
"ArthurMD","",""
"Clade: The Trading Card Game","",""
"Club Lucid","",""
"Creator Economy","",""
"Creator Economy: How to Thrive in the New Era of Business, Finance and Entrepreneurship","",""
"Death to Onlyfangs","",""
"Doktorthud","",""
"Estonian Folk Church","",""
"EVE","",""
"Fleek Digital","",""
"Help! I Won the Lottery","",""
"Hometribe","",""
"","Tribesie",""
"","","Bescale"
"","","Besmash"
"","","Besprout"
"","TribesXXX",""
"Hunted: Goth Girls XXX","",""
"Hunter University of Life and Environmental Sciences","",""
"INSTADEATH","",""
"IQ","",""
"Magistrix","",""
"Mars University","",""
"MetaQuagmire","",""
"Narrow Path Ventures","",""
"OutwardVR","",""
"Party Games","",""
"PsyKai Devices","",""
"Ragnarok Partners","",""
"Scarlet League","",""
"Sluthouse","",""
"Stranger Stranger","",""
"SyzygyTV","",""
"The Academic Company","",""
"The Ultimate Guide to Crowdfunding for Influencers","",""
"Theed Capital Ventures","",""
"TheedVR","",""
"Trystal","",""
"Ultra-Extreme","",""
"Vilnius School of Design","",""
"Wanted","",""
"Witch Hunt (18+)","",""
"witchhunting.org","",""
